{
  "project_info": {
    "project_number": "1087039869102",
    "firebase_url": "https://sosfirebaseproject-47210.firebaseio.com",
    "project_id": "sosfirebaseproject-47210",
    "storage_bucket": "sosfirebaseproject-47210.appspot.com"
  },
  "client": [
    {
      "client_info": {
        "mobilesdk_app_id": "1:1087039869102:android:8885ea244db568966e9d3f",
        "android_client_info": {
          "package_name": "com.example.sos"
        }
      },
      "oauth_client": [
        {
          "client_id": "1087039869102-8o0gt57ebe583bqmbof573jindrt1i9g.apps.googleusercontent.com",
          "client_type": 1,
          "android_info": {
            "package_name": "com.example.sos",
            "certificate_hash": "2830ce9270db9dfad0e1e122583e005d0ffaf96a"
          }
        },
        {
          "client_id": "1087039869102-69svg4qkp04m2d9j1pt6a2v754vie46p.apps.googleusercontent.com",
          "client_type": 3
        }
      ],
      "api_key": [
        {
          "current_key": "AIzaSyBzeZMTAnyhYvAkl0i0lwDAW_VGeFpyo0Q"
        }
      ],
      "services": {
        "appinvite_service": {
          "other_platform_oauth_client": [
            {
              "client_id": "1087039869102-69svg4qkp04m2d9j1pt6a2v754vie46p.apps.googleusercontent.com",
              "client_type": 3
            }
          ]
        }
      }
    }
  ],
  "configuration_version": "1"
}